english,pos,lang1,lang2,lang3,lang4,lang5,lang6,lang7
student,NN,dóruma,þàdórúmàdórúmàgù,þàdrúmã̀drúmã̀go,ðdórúmã̀dórúmã,Zdórumàdóruma,þadórumãdórumãgo,ngdórúmõ̀dórúmõ̀gòòg
language,NN,lóruma,,Lórúmã̀dãã,lórúmã,lóruma,lórumã,
to create,VB,góruamu,úgórúàmúgùmù,úgórúàmṹmṹ,àgórúwàmṹzúzúmṹ,ugóruwàmugomo,ugóruamũzuzumũ,úgórúòmṹmṹ
now,RB,hére,hérímíní,hére,,hére,,hérì
to test,VB,zúruma,,,,dngúrumàgo,,
world,NN,mógo,Mógùgù,mṍgonṹ,Mṍgùspórúmṹ,mógogo,mṍgonũ,mṍgùnṹ
linguistics,NN,líneni,líínìnílí,líínẽnĩ́lí,,,,
to welcome,VB,árama,íàràmàmí,íàràmã̀lí,,iyàràmàmi,angaramãmĩ,íèrèmẽ̀mĩ
this,DT,kogo,Kùgù,Kogo,Kùgù,Kogo,kogo,Kùgù
documentation,NN,dénili,þàdénílí,þàdénĩ́lí,ðdénĩ́lí,ngdénilili,,ngdénĩ́lí
to be,VB,sami,,,,,,
to learn,VB,sérimi,íhérímídérímíqgìmì,ízérímĩ́dérímĩ́gemẽ,ízérímĩ́dérímĩ́mĩ,ingérimidérimimili,izérimĩdérimĩmĩ,íngérímĩ́dérímĩ́mĩ́lí
together,RB,tírimi,tíírímí,tíírímĩ,tíírímĩ,tírimi,tírimĩ,tíírímĩ
to speak,VB,tálimi,ídàlímímí,Idàlímĩ́nẽ,ídàlímĩ́mĩ,idàlimimi,,ídèlímĩ́mĩ
long,RB,lóruma,lórúmàgà,lórúmãã,Lórúmã,Lóruma,,
to reflect/to figure out,VB,sérali,,ízéràlímĩ,ízéràlímĩ,ingéràlimi,izéralimĩ,nẽ́rílí
while,IN,hére,héré,héré,héré,Hére,Hére,Hérì
to build,VB,fírimi,ígíírímímí,ívíírímĩ́mĩ,ígíírímĩ́mĩ,igírimimi,ivírimĩmĩ,ívíírímĩ́mĩ́lí
to ensure,VB,sérimi,íqgérímímí,ízérímĩ́mĩ,ízérímĩ́mĩ,ingérimingingimi,izérimĩmĩ,íngérímĩ́dérímĩ́lí
expressive,JJ,xérali,xéràlí,,Xéràlí,xéràli,,
to hide,VB,púruma,úbúúrúmàmí,úbúúrúmṹzúmm,ípúúrúmã,úurumàmu,ubúrumũmũ,
room,NN,spíra,íàràmàmí,íàràmã̀lí,,,spíranĩ,hpíírènĩ
to grow,VB,dárimi,ídàrímíngímí,ídàrímĩ́mĩ,ídàrímĩ́zúmĩ,idàrimimi,idarimĩmĩ,ídèrímĩ́gìmĩ
also,CONJ,tírimi,,tíírímĩ,,tírimi,,
if,CONJ,héré,Héré,Héré,Héré,Héré,héré,Héré
calculation,NN,kérim,,kérím,kérím,,qérimĩnĩ,Kérímĩ̀shdérímõ̀gòòg
to hit,VB,tórumo,údórúmúmú,údrúmṹmmõ,údórúmũ̀dórúmã̀mṹ,udórumodórumàmu,udórumõdórumãmũ,útórúmũ̀dórúmõ̀mṹ
sentence,NN,sómut,hómúthómút,,,,,
to see,VB,vérima,ígérídérímímí,ívérímã̀mĩ,ígérímã̀zízímĩ,àgérimàmi,ivérimãzibimẽ,ívérímẽ̀mĩ
serious,JJ,xórumo,,xórúmõ,Xórúmũ̀ghórúmũ,,xórumõ,xórúmũ
stuff,NN,spórum,hpórúmú,,,,,
friend,NN,géri,þàqgéríqgì,þàgérígérí,,ngqgériqgéri,þagérigéri,nggérígérí
excited,JJ,férila,,férílãã,,,,
to share,VB,dérimi,ídérímímí,ídérímĩ́gemẽ,,idérimi,,
day,NN,sélimi,hélímí,sélímĩ́nĩ,sélímĩ,hélimini,sélimĩ,hélímĩ́nṹ
daily,JJ,sélimili,,,,hélimili,,
class,NN,déni,þàdénídénílí,þàdénĩ́dénĩ,ðdénĩ́dénĩ́lí,ngdéni,dzérenĩ,ngdénĩ
frame,NN,súzu,,,,,súzu,
to endure,VB,nérimi,ínérímímí,ínẽ́rímĩ́mĩ,ínẽ́rímĩ́mĩ,,,
to finish,VB,dérimi,ídérímímí,ídérímĩ́mĩ,ídérímĩ́dérímĩ́mĩ,,idérimĩdérimĩmẽ,ídérímĩ
many,DT,zéreni,ngérìní,tàzérenĩ,dzérìnĩ,dngéreni,dzérenĩ,ngérìnĩ
coffee,NN,kávuru,kàvúrú,kàvúrú,kàvúrú,kàvuru,kavuru,kòvúrú
to need,VB,dézimi,ídéngímímí,ídézímĩ́mĩ,ídézímĩ́mĩ,idéngimimi,idézimĩmĩ,ídèlímĩ́mĩ
field,NN,xóronu,xórùnúnú,xóronṹnṹ,xórùnṹnṹ,xóronunu,xóronũnũ,xórùnṹnṹ
computer,NN,kómuru,kómúrúnú,Kómṹrúgómṹrú,,kómuru,kómũrugómũru,kómṹrú
tool,NN,tógoru,tógùrúlú,tógorú,tógùrú,tógoru,tógoru,tógùrú
important,JJ,zórumalu,,tàzórúmã̀lú,dzórúmã̀lú,dngórumàlu,dzórumãlu,ngórúmõ̀lú
new,JJ,nérili,nérílí,nẽ́rílí,nẽ́rílí,nérili,nẽ́rilu,nẽ́rílí
data,JJ,téreni,térìní,térenĩ,térìnĩ́lí,téreni,térenĩ,térìnĩ
to want,VB,vézimi,ígéngímímí,ívézímĩ́mĩ,ígézímĩ́mĩ,igéngimimi,ivézimĩmĩ,ívéngímĩ́mĩ
school,NN,dénimi,,þàdénĩ́mĩ́nĩ,ðdénĩ́mĩ,,þadénĩmĩli,
project,VB,gérimi,Þàqgérímí,þàgérímĩ,ðqgérímĩ,ngqgérimi,,nggérímĩ
very,RB,zúra,ngúúràgà,tàzúúrãã,dzúúrã,dngúra,dzúrã,
kind,JJ,sólurulu,,,sólúrúlú,hóluruhólurulu,sólurulu,hórúlúnṹ
classroom,NN,kórumu,kórúmúnú,Kórúmṹnṹ,,kórumu,Kórumũnũ,kórúmṹnṹ
astronomer,NN,fálurunadóruma,Fàlúrúnàdórúmàgùùg,Fàlúrúnã̀drúmã̀gook,fàlúrúnã̀dórúmã,Fàlurunàdórumàgo,falurunãdórumã,
snack,NN,sánomu,hànùmú,sànõmṹ,sànĩ́mṹnã̀rú,hànomu,,hònũ̀mṹ
notebook,NN,nóduru,nótúrú,nṍdúrú,,,nṍduru-li,nṍdúrú
helpful,JJ,hólurulu,,hólúrúlú,,hólurulu,hólurulu,
story,NN,sórumu,hólúnúngórúmúlú,sórúmṹ,sólúnṹzórúmṹ,Aàrumàlu,sórumũ,mõ̀yshórúmṹ
karaoke,NN,kánara,,,kànã̀ràlú,kànàràlu,kanãralu,kònõ̀ròlú
to go,VB,bóromu,þàbórùmúmú,àbóromṹmṹ,ðbórùmṹzúbúmĩ,ngbóromumu,þabóromũlu,úbórùmṹmṹ
to enjoy/like,VB,fálumu,fàlúmúnù,úvàlúmṹmṹ,úfàlúmṹmṹ,uvàlumu,ufalumũmũ,úfòlúmṹmṹ
laptop,NN,míniri,,,,míniriqge,mĩ́nĩri,Mĩ́ĩ́nĩ́rí
to use,VB,tórumu,tógùrúlú,údrúmṹmṹgo,údórúmṹmṹ,àlóngumu,idórumũmũ,údórúmṹmṹ
bed,NN,súmuru,húúmúrúnú,súúmṹrúnṹ,lúúmṹràlú,húmurumúrunu,súmũrunũ,
to charge,VB,lúzumu,lúúngúmínìmí,lúúzúmṹ,,lúngumu,lúzumũmũ,
free,JJ,múranulu,,mṹṹrànṹlú,,,mṹranũlu,mṹṹrònṹlú
event,NN,fóruma,,fórúmã̀vórúmã̀lú,,,,fórúmõ̀lú
cherry,NN,sakúra,,Sàgúúrãã,sàgúúrã,hàgúra,,
flower,NN,kírimi,,kíírímĩ,kíírímĩ,qírimili,kélirivérizi,qíírímĩ́gíírímĩ
beautiful,JJ,lúmuralu,lúúmúràlú,lúúmṹràlú,lúúmṹràlú,lúmuràlu,lúmũralu,lúúmṹròlú
quick,JJ,fúdurulu,fúúdúrúlú,fúdúbóromṹmṹ,Fúúdúrúlú,fúdurulu,fúdurulu,
brown,JJ,bórunulu,,,ðbórúnṹlú,,,
fox,NN,vúlumu,bbúúlúmúbúúlúmú,,bvúúlúmṹ,,tabúlumũ,vvúúlúmṹ
lazy,JJ,nólumulu,nólúmúlú,,nṍlúmṹlú,nólumulu,nṍlumũlu,nṍlúmṹlú
dog,NN,bárumu,Þàbàrúmúgù,,ðbàrúmṹgù,,Pobarumũbo,
to jump,VB,púrumu,,,àvúúrúmṹvàrúmṹmṹ,,Pobarumũbo,
to pass,VB,fárumu,,,fàrúmṹdàrúmṹmṹ,,,
to miss/to lack,VB,dólumu,,sórúmṹ,ðdólúmṹgùmũ,ngdólumulu,udólumũmũ,òdòrúmṹmṹ
to end,VB,nérimi,nérímíqgì,ínẽ́rímĩ́mĩ,nẽ́rímĩ,unórumugomo,inẽ́rimĩgemẽ,únṍrúmṹgùmũ
to celebrate,VB,férimi,ígérímíqgìmì,ívérímĩ́gemẽ,ígérímĩ́qgìmĩ,igérimiqgeme,avérimĩgemẽ,ívérímĩ́gìmĩ
Vancouver,NN,Vánukuva,,tàvànṹgúvànṹ,bvànṹgúvã,bvànuguvànu,bvanũguvanũ,vvònṹgúvòlú
spring,NN,vóruma,vvórúmànú,tàvórúmã̀nṹ,bvórúmã̀nṹ,bvórumàlú,bvórumãnũ,vvórúmõ̀nṹ
final,JJ,nérimili,,nẽ́rímĩ́lí,nẽ́rímĩ́lí,,nẽ́rili,nẽ́rímĩ́lí
to look forward to,VB,límiri,ílíímírímí,ílíímĩ́rímĩ,ílíímĩ́rímĩ,ilímirimi,ilímĩrimĩ,ílíímĩ́rímĩ
week,NN,zómuru,,,dzómṹrúgùlú,,dzamĩrizélimĩnĩ,ngómṹrúgùlú
quiz,NN,tórunu,,trúnṹdrúnṹ,tórúnṹdórúnṹ,,tórunũ,
grateful,JJ,górumula,,,ðgórúmṹlã,,,nggórúmõ̀lòngò
library,NN,pánuru,pànúrúnú,pànṹrúnṹ,pànṹrúlúlú,Pànuruli,panũrunũ,pònṹrúnṹ
dictionary,NN,móluru,mólúrú,mṍlúrú,mṍlúrú,,,
song,NN,mánaru,mànàrú,mã̀nã̀rú,mã̀nã̀rúmã̀nã̀rú,mànàrumànàru,mãnãrumãnãru,mõ̀nõ̀rú
poem,NN,rélama,,,,rélàmàqgà,rélamãrélamã,rélúmṹ
to help,VB,gérimi,,ízàmĩ́mĩ,àqgérímĩ́mĩ,àqgérimimi,agérimĩmĩ,ègérímĩ́mĩ
rule,NN,sélima,hélímàqngà,,,,,hélímẽ̀hélímẽ̀ngè
bilingual,JJ,polórumalu,,,,,,
to refuse,VB,názimi,,,ínã̀zímĩ́nĩ,,inãzimĩmĩ,
to burn,VB,xázimi,,,,,,
ring/circle,NN,kólo,kólù,kólo,kólù,kólo,kólogólo,kólù
offer,NN,bórumu,,,ðbórúmṹ,,,
and,CONJ,hére,hérì,hére,hérì,hére,hére,hérì
what,WH,lízera,xélírí,,,,,
true,JJ,xéliri,xélírí,xélírínẽ,xélírí,,,xélírí
point of view,NN,vérizi,xélírí,sérímĩ,térìnĩ,,bvarigadi,
museum,NN,donubánu,þàdùnúbànúlú,þàdonṹbànṹnṹ,,,þadonũbanũ,ngdùnṹbònṹnṹ
eye,NN,múru,múúrúdàgù,,mṹṹrúnṹ,Tàmomúrudogo,mṹrudógorugo,pùmṹṹrúdù
lifeless,JJ,múranulu,,,mṹṹrànṹlú,,,
black,JJ,bóhrunu,,Þàbóhrúnṹ,Ðbóħrúnṹvàrímĩ́lí,ngbóħrunulu,þabóħrunũ,ngbóħrúnṹ
doll,NN,sóluma,,,sólúmã,,,
like,ADP,tírimi,fàlúmúnù,tàvérízínĩ,tíírímĩ,,Tímẽ,ívíírímĩ́mĩ́lí
frankly,RB,xérali,,Xéràlí,,Xéràli,,Xérèlí
beloved,NN,férigéri,,,,kériqgéri,,
damn,NN,kérim,,,,qérimoshtórumodóruma,,
to give,VB,tórumu,tórúmúbú,údrúmõzúbúmṹ,údórúmṹzúbúmṹ,udórumomu,,údórúmũ̀mṹ
to blow,VB,périmi,íbérímídérímímí,,,,,
home,NN,súmura,húúmúràlú,,,dngúràgúra,súmũralu,
to look,VB,vérima,ílíímírímí,ívérímã̀mĩ,ígérímã̀zízímĩ,igérimàngimi,amẽ́rimĩ,vvèrínĩ
kid/child,NN,dórumu,þàdórúmú,þàdrúmṹlú,ðdórúmṹ,ngdórumu,þadórumũ,ngdórúmṹ
question,NN,sélima,hélímàqngà,,,,,
uh,UH,glé,,,,,,
scholar,NN,zúradóruma,ngúúràdórúmàgù,Pozúúràdrúmã̀õ,dzúúràdórúmã̀gù,Pongúràdórumàwo,dzúradórumãgo,ngúúròdórúmõ̀gòòg
to be able to,MD,fárumu,,,,,,
to stop,VB,nérimi,,nẽ́rímĩ,,,,
should,MD,dézimi,,ídézímĩ́mĩ,,,þadézimĩ,ngdéngímĩ
vestal,NN,nérimidérima,,,,,,Nẽ́rímĩ́dérímẽ̀ngè
pure,JJ,múranuzómut,,,,,,mṹṹrònṹngómṹdù
fate,NN,sélimi,hélímílí,,,,sélimĩ,
happy,JJ,férimala,àgérímàlàngímí,férímã̀lãã,férímã̀làqgà,àgérimàlàngimi,,kérímẽ̀lèngè
to forget,VB,dólumu,ídólúmúmú,,,udólumumu,,údólúmṹmṹ
to forgive,VB,várudólumu,,,,,,
or,CONJ,hére,,hére,,hére,,
to rain,VB,shíyni,ízhííynímí,ízhííynĩ́mĩ,,ishíynimi,ishíynĩmĩ,shííynĩ́mĩ́gì
mountain,NN,zeħris,ngìħríh,tàzeħríslí,dzìħríslí,dngeħrih,dzeħris,
to sleep,VB,órumo,àórúmúmú,à-órúmõ-mĩ,àwórúmũ̀mṹ,àwórumogomo,aórumõmũ,òórúmũ̀mṹ
to read,VB,elirízimi,íìlírííngímíngíngímílí,,íìlíríízímĩ́zízímĩ,ieliríngimimili,ielirízimĩnẽ,íìlírííngímĩ́mĩ
to dance,VB,názaluzo,,,,,unãzaluzo,
proud,JJ,xórughuralu,xórúghúràlú,xórúghúràlú,,,,
man,NN,háruma,,hàrúmã̀go,úbàrúmã̀mṹ,hànomu,ubarumãmũ,
empty,JJ,sám,,,,hàm,sam,Sèm
desert,NN,xóronuzám,xórùnúnú,xóronṹzàmlú,xórùnṹzàmṹshnṹ,,,xórùnṹngòmṹshnṹ
to flee/to run,VB,fudubóromu,,úvúdúbóromṹgomõ,fúúràmṹ,pàlumudóruma,,fúúròmṹ
gunslinger,NN,tórumodóruma,,Tórúmõdrúmã̀gook,,,,
terror,NN,mózu,,Mṍzú,,móngu,mṍz,
twenty,CARD,kádi,qàdí,kàdíngéreúú,,,bvézingangali,
eight,CARD,ú,Ú,úú,úú,ú,nĩzã,
judge,NN,téme,,ídémẽnĩ́mĩ,,idémenimi,tímẽ,
to judge,VB,témeni,ídémìmí,ídémẽnĩ́dérímĩ́mĩ,,idémenimi,idémẽnĩdérimĩmĩ,
critic,NN,támodóruma,,tàmõdrúmã̀gook,,Tàmodórumàgo,tamõdórumã,
to critique,VB,támodórumanu,í-témìmí,,,,,
year,NN,vári,ggàrígàríní,,,,bvarivarili,vvèrínĩ
to begin,VB,vózu,,úvózúmṹ,,uvóngumumu,,
boat,NN,púda,,,,púda,,
paper,NN,léda,,,,lédàni,lédalédã,
to float,VB,némi,némímí,ínẽ́mĩ,nẽ́mĩ́mĩ,,,
gutter,NN,xálo,xàlùnú,xàlonṹ,xàlùnṹ,,,
rain,NN,shíynimi,ízhííynímí,íjííynĩ́mĩ,,ishíynimi,ishíynĩmĩ,shííynĩ́mĩ́gì
Mr. (honorific senior male),NN,máguzu,,,,,,
Mrs. (honorific senior female),NN,mágizi,,,mã̀qgízíqgì,,,
normal,JJ,sólumalu,,,,,,
to cool,VB,xázumumórumu,,,,,,
to say/to tell,VB,tálimi,ídàlímíngíngímí,,,,,
wing,NN,zélirilára,kélàrídàqngà,,,kélàridàqgà,,
family,NN,núma,,nṹṹmã̀gàrú,nṹṹmã,núma,nṹmãgaru,nṹṹmõ̀gòòg
alike/same,JJ,sámi,,,,,,
unhappy,JJ,férine,,,,,,kérínĩ
way/manner,NN,vérizi,hérì,nẽ́rílí,ízàmĩ́mĩ,,kélirivérizi,ngérènĩ
all/each,DT,zéreniri,ngérìnírílí,íínferenĩ,ízéràdímĩ,Hére,dzérenĩri,hérìgì
to remain,VB,séradi,héràdímí,ízéràdímĩ́mĩ,ízéràdímĩ,ingéràdimi,azéradimĩ,íngérèdímĩ
soon,RB,márali,,,,màràli,,mẽ̀rèlí
program,NN,dóruva,þàdórúvàgà,þàdrúvànṹ,ðdórúvã,ngdóruvànu,þadóruvã,ngdórúvòngò
always,RB,zérani,ngéràní,nṍràmãã,ízàmĩ́mĩ,,dzéranĩ,ngérènĩ
video,NN,tóralu,,,,,tóralugóruamã,tóròlú
to cook,VB,fíza,,,ígíízàmĩ,,,
President,NNP,máguzúra,Màgúngúúràgà,mã̀gúzúúràgo,mã̀gúzúúrã,,Mãguzúrago,
future,NN,nérivári,,,nẽ́rígàrínĩ,,nẽ́rivari,nẽ́rívèrínĩ
market,NN,márunu,màrúnúnú,mã̀rúnṹnṹ,mã̀rúnṹ,,mãrunũlu,mõ̀rúnṹ
tea,NN,téziri,téngírí,tézírí,tézímĩ́lí,Teli,téziri,nẽ́rílí
river,NN,zárunu,ngàrúnúnú,tàzàrúnṹnṹ,dzàrúnṹlú,dngàrunubàrolulu,dzarunũ,
to flow,VB,mézimi,,ízàmĩ́mĩ,ígérímã̀mĩ,iméngimimi,imẽ́zimĩmĩ,ígérímĩ́mĩ
busy,JJ,nólumuno,,,,,,
to be born,VB,múranutórumu,,,,,umṹranũtórumũmũ,
glory,NN,mulugóramu,,,,,,
letter,NN,rázumu,,,,,,ròngúmṹ
bridge,NN,báluru,,Þàbàlúrúgo,,,þabaluru,ngbòlúrúnṹ
bicycle,NN,pórunu,,pórúnṹ,pórúnṹgù,,,
to repair,VB,kázumu,úgàngúmúmú,úgàzúmṹdàrúmṹmṹ,úgàzúmṹmṹ,ukàngumumu,ugazumũ,úkòngúmṹmṹlú
April,NNP,Kúrumuvóruma,ħħórúmúvórúmànú,Kúúrúmṹvórúmã̀nṹ,tàħórúmṹvórúmã̀nṹ,,taħórumũvórumãnũ,
cold,JJ,ħórumu,,tàħórúmṹ,tàħórúmṹ,tàħórumuvórumàlú,,
bright,"(ie, happy light)",férimili,,férímĩ́lí,férímĩ́lí,kérimili,þaglízali,
clock,NN,sólunudógoru,,sólúnṹdógorúzólúnṹdógorúgook,,hólunudógoru,,
thirteen,JJ,vési,hàlú,hàlú,,,halu,
time,NN,sólunu,,tàzàlúmṹzólúnṹgo,sólúnṹzórúmṹ,Sólunulu,,hólúnṹ
to play,VB,pálumu,úbàlúmúmú,pàlúmṹ,pàlúmṹmṹ,àpàlumumu,palumũmũ,úbòlúmṹmṹ
to review,VB,périmi,íbérímíngíngímí,íbérímĩ́mĩ,íbérímĩ,,ibérimĩzizimĩ,
efficient,JJ,hélirili,hélírílí,hélúrúlú,,hélirili,,hélírílí
to be careful,VB,vérima,,,ígérímã̀zízímĩ,,,
to sit,VB,sólumu,àhólúmúngúngúngúmú,úzólúmṹmṹ,,àngólumungumu,uzólumũmũ,òngólúmṹngúbúmṹ
person,NN,náruma,nàrúmànàrúmàlú,nã̀rúmã̀nã̀rúmã̀gook,nã̀rúmã̀nã̀rúmã̀gùùng,nàrumànàrumàgo,nãrumãnãrumãgo,nõ̀rúmõ̀nõ̀rúmõ̀lú
to drink,VB,nízimi,ínííngímímí,ínĩ́zímĩ́mĩ,ínĩ́ĩ́zímĩ́zízímĩ,iníngimimi,inĩzimĩ,ínĩ́ngímĩ́mĩ
energy,NN,zérimi,ngérímílí,,,dngérimidérimàli,dzérimĩ,ngérímĩ
charm,NN,véramizéridáge,,,,,,
toe,NN,fíza,,,,,,
to recover/regain,VB,mérimi,,,,,imẽ́rimĩgemẽ,ímẽ́rímĩ́mĩ
window,NN,vólumu,,,bvólúmṹlú,bvólumumúrunu,,vvólúmṹnṹ
bus,NN,trávumudógoru,,,tràvúmṹdógùrúnṹ,,Travumũdógoru,
snow,NN,súnaru,,úzúúnã̀rúnṹmṹ,,,súnãruzanõmũlu,húúnõ̀rú
road,NN,márugu,màrúgúnú,mã̀rúgúlú,,,mãrugunũ,
lamp,NN,dórunu,,,,,þadórunũnũ,
business,NN,nólumunonu,,,,,,
music,NN,límeri,làmùrúdórúmàgùùg,,líímĩ̀rí,límeri,límẽri,hélímĩ
small,JJ,póluru,pólúrílàgà,,Pólúrúlã,,,
secret,NN,púrumunu,púúrúmúnú,,,púrumunu,ubúrumĩnũ,
bird,NN,túrumu,túúrúmúlú,túúrúmṹlú,túúrúmṹgù,túrumu,túrumũgo,túúrúmṹmṹṹrúnṹ
sky,NN,féliri,kéríríní,félírínĩ,félírínĩ,kélirini,kélirivérizi,kérírínĩ
game,NN,dózama,þàdóngàmàgà,,,ngdóngàma,þadózamã,
stranger,NN,pórumu,,,,,,pórúmṹbórúmṹ
kindness,NN,sórulu,,,,,,hórúlúnṹ
to depend,VB,zórumu,,,,,,úngórúmṹmṹ
wool,NN,lúmuralurázamu,,,,,,
bat,NN,vúrunámora,tórúmùbàlúrúgù,,,,,
to be surprised,VB,vóruza,í-hàmí-mí,ízàmĩ́mĩ,ízàmĩ́mĩ,ingàminemi,izamĩmĩ,íngèmĩ́mĩ́lí
to seize / to grasp,VB,páruma,,úbàrúmã̀mṹ,,,,
boy,NN,dóramu,,Þàdràmṹdràmṹgook,,,,
life,NN,múranu,Sélímí,mṹṹrànṹmṹṹrànṹ,mṹṹrànṹlú,umúrànu,mṹranũzalumã,mṹṹrònṹngólúnṹ
extraordinary,JJ,zórazalu,ngóràngàlú,tàzórúzílú,,dngóràngàlu,dzórazalu,
to daydream,VB,sélimivélimi,,ízélímĩ́vélímĩ́mĩ,,,,
ambition,NN,mégevélami,,,,,mẽ́gevélamĩ,
pizza,NN,píza,,,,,,
Swedish,JJ,Swidi,,,,Swidiqge,Swidige,
director,NN,tóralugóruama,tóràlúgórúàmàgà,Tóràlúgórúàmã̀gook,tóràlúgórúwàmã̀gùùng,tóràlugóruwàmàgo,tóralugóruamãgo,tóròlúgórúòmõ̀gù
death,NN,míraninéri,,,,,mĩ́ranũnẽ́rili,mĩ́ĩ́rènĩ́nẽ́rílí
cat,NN,mázumu,màngúmú,,mã̀zúmṹ,màngumugo,mãzumũ,Mõ̀ngúmṹ
to chase,VB,dárumu,àdàrúmúmú,Þàdàrúmõdrúmã̀gook,àdàrúmṹmṹ,,adarumũmũ,òdòrúmṹmṹ
to climb,VB,fárumu,,,úvàrúmṹmṹ,,,
tree,NN,kóramudógoru,,kóràmṹdógorúnṹ,kíírímĩ́dógùrúlú,,,kóròmṹdógùrúgóvúnṹ
hand,NN,lóra,úlóràdàrúmúmú,nĩ́lóràdàgo,Tùlóràdàgùùng,lóràdàtàgo,ulóradarumũmũ,lóròdòngò
to ache,VB,kérimi,tíírímí,kérímĩ́mĩ,tézímĩ́lí,qírimi,igérimĩmĩ,nẽ́rílí
to break,VB,dórumodóruma,,,,,,
leg,NN,néri,nérídì,,nẽ́rídì,,nẽ́ridedage,
heart,NN,múranuzómut,númúúrànúngómúttàgà,mṹṹrànṹzómṹt,,Numúrànungómudàgo,mṹranũzómũt,Nṹmṹṹrònṹngómṹdògù
to count,VB,kérimi,,,íqgérímĩ́mĩ,,kélirinãvélirinã,ígérímĩ́mĩ
to possess/own,VB,páruma,þàdórúmàmúúrú,lórúmãã,úbàrúmã̀mṹ,púda,ubarumãmũ,
shimmer,NN,glíza,,,,ngglíngàqgà,Þaglízamĩ,ngglííngègèèd
to glow,VB,glizami,,þàglízàmĩ,,ngglingàmi,,
to distract,VB,lémarimi,ílémàrímímí,ílémã̀rímĩ́nẽ,,ilémàrimimi,i-lémãrimĩmĩ,ílémẽ̀rímĩ́mĩ
hunter,NN,dárumodóruma,Þàdàrúmùdórúmàgùùg,Þàdàrúmõdrúmã̀go,Ðdàrúmũ̀dórúmã,Zdàrumodórumàgo,Þadarumõdórumãgo,Tórúmũ̀dórúmõ̀gòòg
fox,NN,vúlumu,bbúúlúmúbúúlúmú,,bvúúlúmṹ,,tabúlumũ,vvúúlúmṹ
target,NN,tórunu,tórúnú,trúnṹdrúnṹ,tórúnṹ,tórunudórunu,,tórúnṹ
tongue,NN,zálumadárama,,,,,,
to find,VB,kélimi,íqgélímímí,ígélímĩ́mĩ,íqgélímĩ́zímĩ,iqgélimimi,igélimĩgemẽ,ígélímĩ́mĩ
to gift,VB,tórumuzubimi,,,,,,
caffeinated,JJ,kávuruzúra,,,,,,kòvúrúngúúròngò
snacker,NN,sánumunáru,hànùmúnàrú,sànṹmṹnã̀rúgo,,hànomunàru,,
tired,JJ,zérimidérimali,ngérímídérímàngérímídérímàlí,,,dngérimidérimàli,dzérimĩdérimãli,
professor,NN,zúramáguzúra,ngúúràgúúràgà,,,dngúràmàgungúràngúràmàgungúra,,ngúúròmõ̀gúngúúrògòòg
teacher,NN,zúragúra,ngúúràgúúràgà,tàzúúràgúúràlí,dzúúràgúúrã,dngúràgúràgo,dzúragúrago,ngúúrògúúrògòòg
nuisance,NN,kérimoshtórumodóruma,,,,qérimoshtórumodóruma,,
emperor,NNP,Máguzúrazóronara,Màgúngúúràngórùnàràgùùg,mã̀gúzúúràzóronã̀ràgook,Mã̀gúzúúràzórùnã̀ràgùùng,Màgungúràngóronàràgo,Mãguzúrazóronãrago,Mõ̀gúngúúròngórùnõ̀rògòòg
ice cream,NN,súnaruzánomu,,,,,súnãruzanõmũlu,mṹṹrònṹngólúnṹ
stately,JJ,máguzulu,,,,,mãguzulu,
animal,NN,báruna,,,mṹṹrànṹbàrúmṹ,ngbàruna,þabarunã,ngbòrúnõ̀lú
dome,NN,spíra,,,spíírànṹ,,spíranĩ,
fish,NN,nímera,níímìràqgì,,pìnĩ́ĩ́mĩ̀ràqgà,,,
to fish,VB,bílega,þàbíílìqgàmí,,pìnĩ́ĩ́mĩ̀ràqgà,,,
red,JJ,xáru,,xórúmõ,tànṹrú,,Xaru,xòrú
mathematician,NN,kérimeshdérima,,,,,,Kérímĩ̀shdérímõ̀gòòg
knowledge,NN,sérimini,hérímíní,sérímĩ́nĩ,sérímĩ́nĩ,,,
scientist,NN,sériminizéradarima,hérímíníngéràdàrímàqgììd,,Sérímĩ́nĩ́zéràdàrímã̀qgììn,hériminingéràdàrimàqgà,sérimĩnĩzéradarimã,hérímĩ́nĩ́ngérèdèrímẽ̀ngè
to run,VB,rúzamu,àrúúngàmúmú,àrúúzàmṹmṹ,àrúúzàmṹzúzúmṹ,àrúngàmungungumu,arúzumũzubumũ,rúúngòmṹmṹ
conscience,NN,gorumaluxórumu,,,ðgùrúmã̀lúghórúmṹ,,,
kilometer,NN,kílimiri,qíílímíríqgíílímírí,,kíílímĩ́rí,qílimiri,qílimĩri,qíílímĩ́rí
race,NN,fúramu,,fúúràmṹnṹ,fúúràmṹnṹ,fúràmuhpàrànu,fúramũnũ,fúúròmṹnṹ
binoculars,NN,múrudógoru,,,,,mṹrudógorugo,
to get married,VB,númazamu,ànúúmàngàmúgùmù,mã̀nã̀rúmã̀mṹ,mã̀nã̀rú,màyhpànomu,,ngbórùmṹ
month,NN,sélimivári,hélímígàríní,,,,,
good,JJ,górumalu,þàdórúmàmúúrú,,ðgórúmṹ,nggórumàlu,þagórumãlu,nggórúmõ̀lú
best,RB,górumu,,,,nggórumu,,
worst,RB,mórumu,,,,mórumu,,
age/era,NN,vórunu,tógùrúlú,lórúmã̀lú,lórúmã,lóruma,kavuru,
wisdom,NN,zárumu,,,dzàrúmṹ,dngàrumu,dzarumũ,
blood,NN,xárumútúzuma,,,,,,
foolishness,NN,bóruno,,,,ngbóruno,,
belief,NN,xórumu,,,,xórumu,,
incredulity/disbelief,NN,xórumuno,,,,,,
season,NN,tóruvoru,,,,tóruvorulu,uvóruzamũ,
light,NN,mili,,,mĩ́lí,mili,,mĩ́líqèèd
light,JJ,milili,,,mĩ́lí,mili,,mĩ́líqèèd
darkness,NN,miline,,,,miline,mĩlinẽzeħrisnĩ,mṹlúnũ̀ngólúnṹnṹ
hobby,NN,fólumugóruama,,,fólúmṹzérímĩ,,,
path,NN,láka,,,,,lagã,
to hike,VB,túra,,,,túra,udúramũ,
a hike,NN,túramu,,,,túra,túramũ,
easy/simple,JJ,sélireli,,,,hélireli,,
dark,JJ,milineli,mílínìlí,mĩ́línẽlí,ímĩ́línĩ̀zìħríslí,,mĩlinẽzeħrisnĩ,mĩ́línĩ̀lí
hope,NN,góruma,,,,nggóruma,þagórumã,
winter,NN,ħórumu-vóruma,ħħórúmúvórúmànú,tàħórúmṹnṹ,tàħórúmṹvórúmã̀nṹ,,taħórumũvórumãnũ,
despair,NN,górumano,,,ðgórúmã̀nũ,nggórumàno,,
later,RB,márali,,,Mã̀ràlí,,,
beach,NN,bárolu,,þàbàrolúlú,ðbàrùlúlú,,,
agent,NN,dóranáruma,þàdórànàrúmàgù,þàdrànã̀rúmãã,,ngdórànàruma,,ngdórònõ̀rúmõ̀lú
AI,NN,áimi,,,,,,
idea,NN,vérami,,tàvéràmĩ́véràmĩ,tàgéràmĩ,,,vvérèmĩ
system,NN,dórava,þàdóràvàgà,àímĩ́dràvãã,Ðdóràvàgù,ngdóràva,þadóravã,ngdóròvòngò
evolution,NN,vóramu,,,,bvóràmu,bvóramũ,
readme,NN,dézielirízimini,,,,,,
automation,NN,tóravimi,,,,tóràgimili,,
training,NN,séravimi,,séràvímĩ́lí,,,,hérèvímĩ
to evoke/to awaken,VB,vóna,úvónàmú,tàvónã̀mṹ,,uvónàmu,uvónãmũ,úvónõ̀mṹ
mist,NN,shíynimi,shííynímílí,,shííynĩ́mĩ́lí,,shíynĩmĩli,shííynĩ́mĩ́lú
mouth,NN,vérizi,,,,,,
morning,NN,kúrumuvóruma,Kúúrúmúvórúmànú,,kúúrúmṹvórúmã,Kúrumuvórumànu,kúrumũvórumãnũ,
fist,NN,tárumu,,,,,,
to raise,VB,páruma,,,,,,
hell,NN,mózulu,,,,,,
rock,NN,kárunu,,,,Kàrunugo,,kòrúnṹgòrúnṹ
to roll/float,VB,némi,némímí,ínẽ́mĩ,nẽ́mĩ́mĩ,inémimi,,
to crash,VB,dúramu,,údúúràmṹzúnõ,,udúràmumu,,
downward,RB,márugulu,,mã̀rúgúlú,,màrugulu,,
baboon,NN,babún,þàbàbúúnúshbàbúúnúshgùùg,þàbàbúúnṹshbàbúúnṹshkook,,ngbàvúnàgo,,ngbòvúúnṹshmṹṹrúnṹ
bread,NN,bádu,,þàbàdú,,,þabadu,
house,NN,dómuru,þàdómúrú,Þàdómṹrúgo,ðdómṹrú,ngdómurunu,þadómũrunũ,ngdómṹrúnṹ
to lose,VB,dólumu,údólúmúmú,údólúmṹnõ,údólúmṹmṹ,,,
fen/marsh,NN,shúynuxóronu,,,,,,
marshy,JJ,shúynughóronulu,,,,,,
magic,NN,véramizérimi,,,,,,
long ago,RB,lóruma,lórúmàgà,lórúmã̀mṹ,lórúmã,Lóruma,,lórúmõ̀lórúmõ̀ngò
wind,NN,zéliri,bbúúrú,,Ðdúúrúmṹ,dngéliriqge,,
cloud,NN,nórumu,nórúmúnórúmú,,nṍrúmṹnṍrúmṹ,,,
park,NN,vórulu,,tàvórúlúnṹ,bvórúlúnṹ,bvórulunu,bvórulunũ,vvórúlúnṹ
star,NN,félirina,Fàlúrúnàdórúmàgùùg,félírínã̀félírínãã,félírúnã̀gélírínã,Fàlurunàdórumàgo,falurunãdórumã,kélírínĩ
to sing,"(ie, that which produces a song)",mánaruma,àmànàrúmàngúbúmú,úmã̀nã̀rúmã̀mṹ,mã̀nã̀rúmã,imànàrumàgomo,mãnãrumãmã,úmõ̀nõ̀rúmõ̀mṹ
sun,NN,fázumu,fàhúmúgù,fàsúmṹgo,fàzúmṹlú,fàngumulu,fazumũgo,fòngúmṹlú
to eat,VB,zálumu,àngàlúmúmú,úzàlúmṹmṹ,àzàlúmṹmṹ,ungàlumu,azalumũzumũ,òngòlúmṹmṹ
food,NN,záluma,,tàzàlúmã̀nṹ,,dngàluma,dzalumã,
satiated,NN,zálumazúra,,tàzàlúmã̀zúúràllú,,,,
water,NN,túzuma,,mã̀ysnṹ,túúzúmã,túnguma,túzumã,
night,NN,mulunozólunu,múlúnùngólúnúnú,,,,,mṹlúnũ̀ngólúnṹnṹ
moon,NN,lánumu,lànúmú,lànṹmṹgo,,lànumugo,,lònṹmṹgù
lunch,NN,zálumuzólunu,,tàzàlúmṹzólúnṹgo,dzàlúmṹzólúnṹ,,dzalumũzólunũ,
top secret,JJ,mágupúrumanulu,nàrúmànàrúmàlú,,,kórumunu,súmũrunũ,úkòngúmṹmṹlú
to rise,VB,vóvuma,úvóvúmàmú,úvóvúmã̀mṹ,úvórúzàgùmũ,àvórungàmu,uvóvumãmũ,úvóvúmõ̀mṹ
tomorrow,RB,vóruna,,tàvórúnãã,,,,
who,WH,lízire,llímíréngàmí,Líízíreo,Líízírìù,língireo,Lízireo,Lííngírìù
present/gift,NN,póruma,,,,póruma,,
personal time,NN,múranuzólunu,,tàzàlúmṹzólúnṹgo,Mã̀gúzúúràzórùnã̀ràgùùng,,,mṹṹrònṹngólúnṹ
to sacrifice,VB,téramadérimi,,,ítéràmã̀dérímĩ́mĩ,,,údéròmõ̀dérímĩ́mĩ
unique/extraordinary,JJ,zórazalu,ngóràngàlú,tàzórúzílú,,dngóràngàlu,dzórazalu,
riverbank,NN,zárunubárolu,,,,dngàrunubàrolulu,dzarunũbarolunũ,
everything,NN,mógospórumu,úngólúmúmú,,Mṍgùspórúmṹ,,,Mṍgùhpórúmṹ
empty,JJ,sám,,,,hàm,sam,Sèm
book,NN,ládamóluru,mólúrú,nĩ́lóràdàgo,,mólurumóluru,mṍlurumṍluru,údólúmṹmṹ
garden,NN,kóvunu,kóvúnúnú,kóvúnṹnṹ,kóvúnṹnṹ,kóvununu,kóvunũnũ,Kóvúnṹnṹ
although,SCONJ,kogono,,Kogonõ,Kùgùnũ,,Kogonõ,
otherwise,RB,kogonováruzulu,kùgùnùvàrúngúlú,,,Kogonovàrungulu,Kogonõvaruzulu,Kùgùnũ̀vòrúngúlú
lizard,NN,polunámora,,,pùlúnã̀mũ̀rã,,polunãmõrago,
to walk,VB,búlumu,,àbúúlúmṹ,,àvúlumumu,abúlumũmũ,òvúúlúmṹmṹ
statistics,NN,stádira,htàdúràdórúmàgà,stàdírãã,,htàduràdóruma,,Stèdírèngè
inference,NN,ínfereni,,íínferenĩ,,,,
strip/slice,NN,réza,,,,,,
alternative,NN,nérili,,nẽ́rílíverízí,,,,
hypothesis,NN,verizi,,nẽ́rílíverízí,,,,
null,JJ,lízéra,,líízéràverízí,,,,
name,NN,zida,,,,,,
zero,CARD,lízéra,,,,,lízérã,
transformer,NN,tránzuru,,trànzúrú,,,,
to relate,VB,vérimi,,,,,,
attention,NN,tánuru,,,tànṹrú,,,
UBC,NNP,Yúbuysuy,,,Yúúbúysúylú,,,
to travel,VB,trávimi,tràgímímí,,tràgímĩ,itràgimimi,Travumũdógoru,
to struggle/to fight,VB,sárimi,ngérímíngàrímí,,,,izarimĩmĩ,
to procrastinate,VB,lómamu,úlómàmúmú,,,,ulómãmũnõ,lómĩ́mĩ́mĩ
late,JJ,nórulu,nérílí,ígérímĩ́lí,kérídàrímĩ,,nẽ́rimĩli,nṍrúlú
observatory,NN,múnaru,Múúnàrúnú,mṹṹnã̀rúnṹ,Mṹṹnã̀rúnṹ,,,
planet,NN,zánguru,,tàzàngúrúgo,dzàngúrúnṹ,dngàngurumúrunu,dzanguru,ngòngúrú
telescope,NN,pélani,,pélànĩ,pélànĩ,pélàniqge,pélanĩgénĩ,
algorithm,NN,fénara,kénàràqngà,,fénã̀ràqgà,,Fénãrã,
satellite,NN,xúbaru,,xúúbàrú,xúúbàrúgùùng,,xúbaru,xúúbòrú
storm,NN,fázuma,fàngúmúgù,fàzúmã̀go,fàzúmã̀gù,fàngumàlu,fazumãgo,
sister,NN,náziri,nàngíríqgì,nã̀zíríge,nã̀zírí,Nàngiriqge,,Nĩ́ĩ
to write,NN,nárumu,únàrúmúmú,únã̀rúmṹmṹ,únã̀rúmṹmṹ,unàrumumu,unãrumũmũlu,únõ̀rúmṹmṹ
sin,NN,mózuma,Móngúmànàrúmàgà,tàzàlúmãã,mã̀nã̀rúmã,mànàrudóruma,mãnãrumãmã,mõ̀nõ̀rú
exam/quiz/test,NN,pírimi,,píírímĩ,ízàmĩ́mĩ,,igérimĩmĩ,Píírímĩ
nuanced,JJ,shúyalu,shúúyàgà,,shúúyàlú,shúyàlu,Shúyã,Shúúyòlú
hard/difficult,JJ,nárugu,nàrúgú,nã̀rúgúlú,nã̀rúgú,nàrugu,nãrugu,nõ̀rúgúlú
snake,NN,shissíra,,,,,,
homework,NN,dézari,þàdéngàrí,þàdézàrí,,ngdéngàrili,þadézari,hérì
to memorize,VB,zólumu,úngólúmúmú,,,ungólumungungumu,,úngólúmṹngúngúmṹ
to dream,VB,térami,,nẽ́rílí,téràmĩ,,téramĩ,
mathematics,NN,párumu,,pàrúmṹ,,,,pòrúmṹ
to cultivate,VB,cultivate,,,,,ubúmãmũ,
owl,NN,pórumu,,pobórúmṹ,pórúmṹbórúmṹ,Pórumubórumu,pórumũgo,
island,NN,rómuru,rómúrúnú,rómṹrúlú,rómṹrúnṹ,,rómũrunũ,rómṹrú-nṹ
kitchen,NN,fízani,kííngàníní,fíízànĩ,fíízànĩ́nĩ,,kízanĩ,
photograph,NN,múrazama,,,úmṹṹràzàmṹgùmũ,múràngàma,,mṹṹròngòmõ̀nṹ
to take a picture,VB,múrazamu,,,,,mṹranũzalumã,
joy,NN,fólumu,fólúmú,fólúmṹ,fólúmṹzérímĩ,fólumu,fólumũ,úfòlúmṹmṹ
rhythm,NN,réna,,rénãã,,rénàqgà,rénã,
great/grand,JJ,kálala,,Kàlãã,kàlàlàqgà,,Kalalã,
epic,JJ,zarakálala,,,,dngàràqgàlàlàqgà,,
to graduate/to master,VB,sérimidérimi,íhérímídérímíqgìmì,ízérímĩ́dérímĩ́mĩ,ízérímĩ́dérímĩ́mĩ,ingérimidérimi,izérimĩdérimĩmĩ,íngérímĩ́dérímĩ́mĩ́lí
to clean,VB,kázumudarumu,úgàngúmúdàrúmúnù,úgàzúmṹdàrúmṹmṹ,kàzúmṹlú,ugàngumudàrumumu,,úgòngúmṹdòrúmṹmṹ
speech,NN,tálimidérimi,llímídérímí,,,,,
to reach,VB,lóradárumu,úlóràdàrúmúmú,úlóràdàrúmṹmṹ,úlóràdàrúmṹzúzúbúmṹ,ulóràdàrumumu,ulóradarumũmũ,úlóròdòrúmṹmṹ
instrument,NN,pálumuma,pérímímàqngà,,,pàlumima,palumũmã,pòlúmṹmõ̀ngò
introduction,NN,vózumu,vvóngúmú,,bvózúmṹgùùng,,,
to hear,VB,bárimi,íàràmàngímí,íbàrímĩ́mĩ,íbàrímĩ́mĩ,ibàrimimi,ibarimĩmĩ,nggérímĩ
musician,NN,lámorudóru,làmùrúngúúràdórúmàgà,,làmũ̀rúdórúmã,mànàrudóruma,Lamõrudóru,Lòmũ̀rúdórúgòòg
athlete,NN,pálumudóru,pàlúmúdórúmàgà,pàlúmṹdrúmã̀gook,pàlúmṹdórúmã,pàlumunàruma,palumũnãrumãgo,pòlúmṹdórúmõ̀gù
bat,NN,tórumobálara,tórúmùbàlúrúgù,,,,,
stick,NN,bálara,,,ðbàlàràqgà,,,
stadium,NN,fúramuspára,,,,fúràmuhpàrànu,fúramũsparanũ,
theatre,NN,tóraluspára,,tràlúspàràlú,,,,tóròlúhpòròlú
actor,NN,tóralunáruma,tóràlúnàrúmàgà,Tóràlúnã̀rúmã̀gook,tóràlúnã̀rúmã,tóràlunàruma,tóralunãrumãgo,tóròlúnṹ
corn,NN,máys,màyh,mã̀ysomã̀ys,mã̀ys,màyhko,Mãys,mõ̀yshórúmṹ
popcorn,NN,máyspánomu,,mã̀yspànõmṹ,mã̀yspànũ̀mṹ,màyhpànomu,,
script,NN,tóraluládamóluru,tóràlúlàdàmólúrú,tràlúlàdàmṍlúrúlí,Tóràlúlàdàmṍlúrúgù,ngdórumàdórumàgo,,tóròlúlòdòmṍlúrú
to cry,VB,périma,,àbérímã̀zímĩ,àbérímã̀zízímĩ,àpérimàngingimi,,
black-and-white,JJ,bóħrunuvárumulu,,,,,,ngbóħrúnṹvòrúmṹlú
scene,NN,vérizima,ggéríngímàgéríngímàqngà,tàvérízímã̀nĩ,tàgérízímã̀qgà,tàgéringimàgo,bvérizimãge,
hawk,NN,ħárum,ħħàrúmúshkù,tàħàrúmṹshko,tàħàrúmlú,tàħàrumushko,taħarumũshlu,tòħòrúmṹshlú
crow,NN,ħòro,,tàħàroko,,tàħàrogo,taħarogo,tòħòrùlú
cave,NN,milinezeħris,,,ímĩ́línĩ̀zìħríslí,,mĩlinẽzeħrisnĩ,mĩ́línĩ̀ngìħríhnĩ
swan,NN,éle,élìlí,élelí,,éle,éleli,
hummingbird,NN,píbi,,Pííbíbííbíge,pííbíbííbíqgì,píbili,,pííbí
weather,NN,félirivérizi,,,,,kélirivérizi,
forest,NN,kóramudógorughóronu,kóràmúdógùrúghórùnúnú,kóràmṹdógorúghóronṹlú,,kóràmudógorughóronunu,,kóròmṹdógùrúghórùnṹnṹ
feather,NN,mìli,mìlímìlí,mẽlímẽlí,,,mẽlimẽli,mĩ̀límĩ̀lí
difficulty,NN,vúru,,,,,,
holy,JJ,zóluru,,,,,,
gold,JJ,málalu,,mã̀làlú,mã̀làlú,màlàlu,mãlalumã,mõ̀lòlú
to return,VB,mérimi,,,,,amẽ́rimĩ,
to fly,VB,lózumu,úlóngúmú,àlózúmṹgúmṹ,,àlóngumugomo,,ílóngúmṹmṹ
to bloom,VB,fála,,fàlàgemẽ,,,,kèlèmĩ
muse,NN,véramidágeri,,àvérímã̀mĩ,,,kérimĩli,íngérèdímĩ
far,RB,pélani,pélàní,,,pélàni,,pélènĩ
son,NN,nùmi,únàrúmú,nĩ́lí,nĩ,núma,nĩ́mã,nõ̀rúmõ̀gù
father,NN,tára,,,,tàràqgà,,
murder,NN,míraninérizi,,,,,,
murderer,NN,míraninérizina,,,,,,
murderous,JJ,míraninérizili,,,,,,
fated,JJ,sélimili,hélímílí,,,,sélimĩli,
vital,JJ,múranulu,,,,,,
Achilles,NNP,Aghíli,,,,,,
Peleus,NNP,Péleewsa,,,,,,
Achaea,NNP,Ākíya,,,,,,
angry,JJ,xòrolu,,,,,,
anger,NN,xòrona,,,,,,xòrùnõ̀ngò
rage,NN,xòrolughòron,,,,,xarolugharon,
Hades,NNP,Hedis,,,,,,
heaven,NN,vúlunu,,,,,,
ocean,NN,séliru,hélírú,,,,séliru,hélírú
fire,NN,xázunu,,,Xàzúnṹ,xàngunu,,xòngúnṹ
iron/metal,NN,tézimi,,,tézímĩ́lí,téngimili,tézimĩ,
fruit,NN,vónuma,vvónúmàgà,,bvónṹmã,bvónuma,bvónũmã,vvónṹmõ̀ngò
seed,NN,vónu,vvónúvónú,,bvónṹvónṹ,bvónuvónu,,vvónṹvónṹ
egg,NN,kúrumu,,,,,,
to wait,VB,nérimi,,,,Nàmihpíràni,inẽ́rimĩmĩ,nẽ̀mĩ́hpíírèngè
to carry,VB,lórumu,,,,,ulórumũmũ,
to bite,VB,zálami,àngàlàmímí,àzàlàmĩ́mĩ,àzàlàmĩ́mĩ,àngàlàmimi,izalamĩ,
to fear,VB,mózumu,,,,umóngumunomu,,òmṍngúmṹmṹ
to smell,VB,nízami,,ínĩ́zímĩ́mĩ,ínĩ́ĩ́zàmĩ́mĩ,níngàmi,inĩ́zamĩmĩ,
mime,NN,mimísmi,Mímííhmíqgììd,,,mimíhmiqge,,mĩ́mĩ́ĩ́hmĩ́gì
weapon,NN,tórumodógoru,,,,tórumodógoru,ulórumũmũ,tórúmũ̀dógùrú
cloth,NN,lúmuraluréza,,mṹṹrànṹrézãã,,,,
truth,NN,xélirini,xélíríní,,,xéliri,xélirinĩ,
message,NN,tálimirézami,llímíréngàmí,,tàlímĩ́rézàmĩ,,,
enemy,NN,mósumagáru,,,,,mṍzumãgarugo,
map,NN,mágedéreni,,,,,mãgedérenĩ,
hospital,NN,múranuspára,,,Mṹṹrànṹspàràzúúràdórúmã̀gùùng,Múrànuhpàràngúràdórumàgo,Mṹranũsparazúradórumãgo,
wealth,NN,málalunu,màlàlúnúlú,mã̀làlúnṹnṹlú,,,,
history,NN,sólunuzórumu,hólúnúngórúmúlú,,sólúnṹzórúmṹ,hírinili,,
evidence,NN,xéliridéreni,,,xélírítérìnĩ,xéliridéreni,,
theory,NN,véramizélima,,,,,,vvérèmĩ́ngélímẽ̀ngè
pattern,NN,rénavérizi,rénàgéríngí,,,,,
conflict,NN,sárumuzórumu,,,sàrúmṹzórúmṹ,,,
success,NN,dárumuvólumu,,þàdàrúmṹvólúmṹ,ðdàrúmṹvólúmṹ,ngdàrumuvólumu,,ngdòrúmṹvólúmṹ
failure,NN,dáliminéri,,þàdàlímĩ́nẽ́rígemẽ,,ngdàliminéri,,
concept,NN,vónaváramu,,,,,,
complexity,NN,nárugunu,,nã̀rúgúnĩ́nĩ,,,,
draft,NN,vózumurélama,,,,,,vvóngúmṹrélòmõ̀ngò
one,CARD,sé,shénù,,Shénĩ,,,
two,CARD,po,pù,pogàdíngérenã̀nĩ,,Poéle,pogadingérebe,
three,CARD,nézi,,,nẽ́zíqgàdí,,,nẽ́ngígèdí
four,CARD,vóru,ggàríqgàdí,tàvàrígàdí,pííràqgà,píràqgà,bvarigadi,ngúúròvórúnṹ
five,CARD,náni,nàní,,nã̀nĩ,,,
six,CARD,kóru,,,,kóvànulu,kóru,údórúmũ̀mṹ
seven,CARD,tézi,,,,,,
eight,CARD,ú,Ú,úú,úú,ú,nĩzã,
nine,CARD,níza,,Kàdíngérelúúnãã,,níngàqgà,Lúnã,
ten,CARD,vézi,,tàvézíngérenã̀nĩ,tàgézí,,bvézi,vvéngí
eleven,CARD,nómo,,,,,,
twelve,CARD,fúzu,,,,fúngu,fúzu,Fúúngú
thirteen,CARD,hálu,hàlú,hàlú,,,halu,
fourteen,CARD,téna,,,,,,
fifteen,CARD,bíra,þàbííràqngà,,,ngbíràqgà,þabírã,
sixteen,CARD,shís,,,,,Shís,
seventeen,CARD,mánu,,,,,,
eighteen,CARD,vóza,,,bvózã,,,
nineteen,CARD,lúna,Lúúnàgà,,,Lúna,Lúnã,
twenty,CARD,kádi,qàdí,kàdíngéreúú,,,bvézingangali,
400 píra (20^2; 100 in base,CARD,20),,,,,,
"8,000 múzu (20^3; 1000 in base",CARD,20),,,,,,
"64,000,000 vóma (20^6; 1000000 in base",CARD,20),,,,,,
white,JJ,éleli,,,,,,
yellow,JJ,málalu,,,,,,
blue,JJ,félirili,kélírílí,,,,kélirili,kélírílí
green,JJ,kóvanulu,Kóvànúlú,,Kóvànṹlú,kóvànulu,kóvanũlu,Kóvònṹlú
purple,JJ,shúyalu,,,,,,
gray,JJ,shíynili,,,,,,shííynĩ́lí
silver,JJ,tézimili,téngímílí,tézímĩ́lí,tézímĩ́lí,téngimili,tézimĩli,Téngímĩ́lí
transparent,JJ,múranuzámulu,,,,,,
bright/shining,JJ,glízali,,ízàmĩ́mĩ,ðglíízàlí,àgérimàlàngimi,þaglízali,
loud,JJ,bárimili,ídàrímíngúmí,,ídàrímĩ́zúmĩ,,,
quietly,RB,nebárimilimi,,,,,nẽbarimĩlimĩ,
heavy,JJ,kárunulu,kàrúnúlú,,,,karunũlu,kòrúnṹlú
lightweight,JJ,mìlili,,,,,,
hot,JJ,xázunulu,,xàzúnṹlú,dzàngúrú,,,
sharp,JJ,tórumalu,,,,tórumàlu,,tórúmõ̀lú
blunt,JJ,dólumalu,,,,,,
brave,JJ,mózunolu,móngúnùlú,Mṍzúnõlú,,Móngunolu,mṍzunõlu,mṍngúnũ̀lú
cowardly,JJ,mózumulu,,,,,,
coward,NN,mózuma,,,,,,
wise,JJ,zárumulu,úbàlúmúnùmú,,,Kogonovàrungulu,Kogonõvaruzulu,
foolish,JJ,bórunulu,,,,,,
fast,JJ,fúdurulu,,,,fúdurulu,,
slowly,RB,nólumulu,,nṍlúmṹlú,,,,
tall/high,JJ,vóvumalu,úlóngúmú,tàvóvúmã̀lú,,,,
short/low,JJ,márugulu,þàbórùmúmú,xàzúnṹlú,lúúmṹràlú,màngumugo,þagórumãlu,fórúmõ̀lú
wide,JJ,mógolu,,,,,,
narrow,JJ,rézali,,,,,,
wet,JJ,shíynimili,shííynímílí,,shííynĩ́mĩ́lí,shíynimili,,
dry,JJ,xóronuzámushlu,hélí,,,,kóvanũlu,
ancient,JJ,zúravórunulu,ngúúràvórúnúlú,tàzúúràvórúnṹ,dzúúràvórúnṹ,dngúràvórunu,dzúravórunũ,ngúúròvórúnṹ
young,JJ,dórumulu,,,ðdórúmṹlú,,,
expensive,JJ,málalunulu,,mã̀làlúnṹlú,,,,mõ̀lòlúnṹlú
cheap,JJ,múranulu,,,,,,
spicy,JJ,xázimili,,xàzímĩ́lí,xàzímĩ́lí,,,
sweet,JJ,férimili,,,,,kérimĩli,
bitter,JJ,xòrolanu,,,,,,
hard,JJ,tézimili,,,téràmĩ,,,
soft,JJ,lúmuralu,lúúmúràlúbàlù,lúúmṹràlúpélo,,lúmuràlubàlo,lúmũralu,lúúmṹròlúbòlù
separately,RB,séli,,,,,séli,
often,RB,zéranira,,,,,dzéranĩrã,ngérènĩ́rèngè
rarely,RB,dólumura,,,,,,
clean,JJ,kázumulu,úgàngúmúdàrúmúnù,úgàzúmṹdàrúmṹzúzúmṹ,kàzúmṹlú,ugàngumudàrumumu,,úgòngúmṹdòrúmṹmũ
dirty,JJ,mózumulu,,mṍzúmṹlú,,,,
rich,JJ,málalununulu,màlàlúnúnúlú,Mã̀làlúnṹnṹlú,,,Mãlalunũnũlu,
poor,JJ,dólumununulu,Þàdólúmúnúnúlú,þàdólúmṹnṹnṹlú,ðdólúmṹnṹnṹlú,,,
strong,JJ,zérimili,ngérímílí,,,dngérimili,,
weak,JJ,zérimineli,,,dzérímĩ́nĩ̀lí,dngérimineli,dzérimĩnẽli,ngérímĩ́nĩ̀lí
early,JJ,vózumulu,,,,,,
late,JJ,nérimili,nérílí,ígérímĩ́lí,kérídàrímĩ,,nẽ́rimĩli,nṍrúlú
dangerous,JJ,mózulu,,,mṍzúlú,,,
safe,JJ,górumalu,,,,,,
lucky,JJ,sélimili,Sélímílí,,,,,
unfortunate,JJ,férineli,,,,,,
honest,JJ,xélirili,,Xélírílí,,,Xélirili,
deceitful,JJ,púrumulu,,,,,Púrumũlu,
hungry,JJ,zálumavázumu,,,,ungàlumu,dzalumãvazumũ,
thirsty,JJ,nízimavézimi,,nĩ́ĩ́zímã̀vézímĩ́lí,,,,
helpful,JJ,gérimilu,,hólúrúlú,,hólurulu,hólurulu,
useless,JJ,tógorunolu,,,,,,
sword,NN,míraninérizibálara,,mĩ́ĩ́rànĩ́nẽ́rízíbàlàrãã,,,mĩ́ranĩnẽ́rizibalarã,
earth/soil/dirt:,NN,dága,þàdàqgàqngà,,ðdàgànṹ,ngdàqgàqgà,,
smoke:,NN,fúma,fúúmàgà,,,,,fúúmõ̀ngò
lalley/lowland:,NN,màru,,,,,,
bone:,NN,shéne,shénù,shénẽzhénẽnĩ,Shénĩ,Shénoda,,
skin/bark,NN,pélo,,,,,Palodã,
salt:,NN,báza,,þàbàzãã,,,,
shadow/ghost:,NN,níma,níímàqgì,nĩ́ĩ́mãã,nĩ́ĩ́mã̀qgà,nímàqgà,nĩ́mã,Nĩ́ĩ
key,NN,vólumudógoru,,tàvólúmṹdógorú,,bvólumudógoru,bvólumũdógoru,vvólúmṹdógùrú
medicine:,NN,múranuzáluma,,,,,mṹranũzalumã,mṹṹrònṹngòlúmõ̀ngò
alphabet,NN,rázumurána,ràngúmúrànàgà,ràzúmṹrànã̀gook,ràzúmṹrànã,ràngumuràna,,rómṹrú-nṹ
prison,NN,nèmispíra,nàmíhpííràní,,,nàmihpíràni,nãmĩspíranĩ,nẽ̀mĩ́hpíírènĩ
mirror,NN,várudógoru,,tàvàrúdógorúgo,bvàrúdógùrúgù,,bvarudógorugo,
grave,NN,míranispíra,,,,,,mĩ́ĩ́rènĩ́hpíírènĩ
weapon,NN,tórumodógoru,,,,tórumodógoru,ulórumũmũ,tórúmũ̀dógùrú
armour,NN,lúmuralubálo,,,,lúmuràlubàlo,,lúúmṹròlúbòlù
